name,Age,Gender,Salary,Hiked Salary,Age bracket
Anil,23,M,25000,27500.000000000004,Adult
Sam,28,M,35000,38500.0,Adult
Riya,35,F,45000,49500.00000000001,Adult
Reema,47,F,50000,55000.00000000001,Old
Seema,56,F,65000,71500.0,Old
Sunil,22,M,75000,82500.0,Adult
Alok,30,M,85000,93500.00000000001,Adult
Sita,40,F,95000,104500.00000000001,Old
