sex,total_bill
Male,20.74407643312102
Female,18.05689655172414
